"ID_ACTIVIDAD","ACTIVIDAD","ID_PROGRAMA","ID_NOMBRE_PROGRAMA","NOMBRE_PROGRAMA"
1,"Actividad 1",26,25,"Programa 25"
2,"Actividad 2",26,25,"Programa 25"
3,"Actividad 3",26,25,"Programa 25"
4,"Actividad 4",26,25,"Programa 25"
5,"Actividad 5",26,25,"Programa 25"
6,"Actividad 6",26,25,"Programa 25"
7,"Actividad 7",5,5,"Programa 5"
8,"Actividad 8",5,5,"Programa 5"
9,"Actividad 9",1,1,"Programa 1"
10,"Actividad 10",1,1,"Programa 1"
11,"Actividad 11",1,1,"Programa 1"
12,"Actividad 12",1,1,"Programa 1"
13,"Actividad 13",1,1,"Programa 1"
14,"Actividad 14",1,1,"Programa 1"
15,"Actividad 15",1,1,"Programa 1"
16,"Actividad 16",1,1,"Programa 1"
17,"Actividad 17",27,26,"Programa 26"
18,"Actividad 18",27,26,"Programa 26"
19,"Actividad 19",27,26,"Programa 26"
20,"Actividad 20",12,12,"Programa 12"
21,"Actividad 21",13,13,"Programa 13"
22,"Actividad 22",15,14,"Programa 14"
23,"Actividad 23",15,14,"Programa 14"
24,"Actividad 24",15,14,"Programa 14"
25,"Actividad 25",3,3,"Programa 3"
26,"Actividad 26",5,5,"Programa 5"
27,"Actividad 27",5,5,"Programa 5"
28,"Actividad 28",5,5,"Programa 5"
29,"Actividad 29",5,5,"Programa 5"
30,"Actividad 30",5,5,"Programa 5"
31,"Actividad 31",5,5,"Programa 5"
32,"Actividad 32",5,5,"Programa 5"
33,"Actividad 33",5,5,"Programa 5"
34,"Actividad 34",5,5,"Programa 5"
35,"Actividad 35",5,5,"Programa 5"
36,"Actividad 36",5,5,"Programa 5"
37,"Actividad 37",5,5,"Programa 5"
38,"Actividad 38",5,5,"Programa 5"
39,"Actividad 39",5,5,"Programa 5"
40,"Actividad 40",5,5,"Programa 5"
41,"Actividad 41",5,5,"Programa 5"
42,"Actividad 42",1,1,"Programa 1"
43,"Actividad 43",1,1,"Programa 1"
44,"Actividad 44",1,1,"Programa 1"
45,"Actividad 45",1,1,"Programa 1"
46,"Actividad 46",1,1,"Programa 1"
47,"Actividad 47",1,1,"Programa 1"
48,"Actividad 48",1,1,"Programa 1"
49,"Actividad 49",1,1,"Programa 1"
50,"Actividad 50",1,1,"Programa 1"
51,"Actividad 51",1,1,"Programa 1"
52,"Actividad 52",1,1,"Programa 1"
53,"Actividad 53",1,1,"Programa 1"
54,"Actividad 54",1,1,"Programa 1"
55,"Actividad 55",1,1,"Programa 1"
56,"Actividad 56",3,3,"Programa 3"
57,"Actividad 57",3,3,"Programa 3"
58,"Actividad 58",3,3,"Programa 3"
59,"Actividad 59",3,3,"Programa 3"
60,"Actividad 60",12,12,"Programa 12"
61,"Actividad 61",12,12,"Programa 12"
62,"Actividad 62",12,12,"Programa 12"
63,"Actividad 63",12,12,"Programa 12"
64,"Actividad 64",12,12,"Programa 12"
65,"Actividad 65",12,12,"Programa 12"
